gene,id,description,sequence,location,translation
dcmA,L26544.1,"Methylophilus sp. dichloromethane dehalogenase/glutathione S-transferase (dcmA) gene, complete cds",ATGAGTACTAAACTACGATATCTACATCATCCTGCATCACAGCCTTGTCGTGCAGTTCATCAATTTATGCTTGAAAATAACATTGAGTTTCAAGAAGAGATTGTTGATATTACTACTGATATTAATGAACAACCTGAGTTCAGAGAAAGATATAATCCTACAGGCCAAGTTCCTATTCTAGTAGATGGCGATTTCACTATCTGGGAAAGTGCCGCGATTGTATATTATTTATCTGAAAAATATGATTGTTCTAGTTCTTGGTGGGGTAGTACCTTAGAAGAAAGAGGCCATATTCAACAATATATGCATTGGTATGCTTACACGCTTCGTCTTGGCGGCGGTGCATTTCATTGGACTATCTTCGCACCAATGATCTATGGTTATGATAAAGATTTCACGGTTGAAGTTACCAAAGGTCGTTTCCTTCTTTATGAATCGTTTGATATTTTAGAGAAATACTGGCTTAAAGATGGTGATTATCTATGCGGAAACACATTAAGCTATCCAGATCTGGCCACTTGCCAAGATTTAGTTTCGCATGATGCCGGTAGAATTATTCCAACATCAATGTGGGATTCTCACCCTAAAGTTAAAGCATGGTTTGCAAGAATGATGGATCGTGAACATGCAAAAACAGTCAGTGCTTGGCAGTATGAAAATGTTCGTAAATATCTTGATGATGGTGTTAAACTCAATTTCCAACGTAAAACAGCGGTACTGAAAGGAACTGAAGTTTATAGTGGTCATAACAACGGCATTATCTACAATGGCGATGATGATTCATTCGTTACTCAACACGGATAA,[721:1525](+),MSTKLRYLHHPASQPCRAVHQFMLENNIEFQEEIVDITTDINEQPEFRERYNPTGQVPILVDGDFTIWESAAIVYYLSEKYDCSSSWWGSTLEERGHIQQYMHWYAYTLRLGGGAFHWTIFAPMIYGYDKDFTVEVTKGRFLLYESFDILEKYWLKDGDYLCGNTLSYPDLATCQDLVSHDAGRIIPTSMWDSHPKVKAWFARMMDREHAKTVSAWQYENVRKYLDDGVKLNFQRKTAVLKGTEVYSGHNNGIIYNGDDDSFVTQHG
metF,FP103042.2,Methylorubrum extorquens DM4 genome assembly,ATGCCCAACGCCTCCCAACACCGCGCCAGCCGCGACGGCTTCCGCCCGATCCGGGTCTCGATCGAGTTCTTCCCGCCGAAGACCGAGGAGATGGAGAAGATTCTCTGGTCCTCGATCGAGCGTCTCGCGCCGCTCCAGCCGAAATTCGTCTCGGTGACCTACGGTGCCGGCGGCTCCACCCGCGAGCGCACCCACAACACCGTGGCGCGCATGGTGCGCGAGACGAGCCTCAAGCCCGCCGCCCACCTCACCTGCGTCGATGCGACGAAGGAAGAGATCGACGGGGTGGTGCAGTCCTACTGGGATGCGGGCGTGCGCCACATCGTGGCCCTGCGCGGCGACCCGGCCGAGGGCGTCGGCCACAGCTACCGGCCCCATCCCGGCGGCTACGCGCAGACCTGCGACCTCGTCGCCGGCATCAAGCGGATCGGCGACTTCAAGGTCTCGGTCTCGGCCTATCCGGAGAAGCACCCCGAGGCCGCCTCGCTCGATGCCGACATCGAGGCTCTGAAGGCCAAGGTCGATGCCGGCGCCGATCAGGCGATCACCCAGTTCTTCTTCGATAACGAGATCTATCTGCGCTACCGCGACAAGGTGCGCGCGGCCGGCATCGACATCCCGATCATCCCCGGCATCCTGCCGGTGCAGAACTTCAAGCAGGCGGCCAACTTCGCCCGCCGCACCGGCGCCTCGGTGCCGTACTGGCTCGCGGCTCGGTTCGAGGGTCTGGAGAACGACGTCGAGACCCGCCGTCTCGTCGCCGCCGCGGTCGCCGCCGAGCAGGTGCTCGACCTCGTCGACGAGGGCGTGGAGGACTTCCACTTCTACTCGATGAACCGCTCCGACCTTGTCTACGCCATCTGCCACCTTCTCGGCCTGCGCTCCCAGGCGCCGGCCAAGCCGGCGGTGAAGCCGGAAGCCAAGGCGGCCTGA,[2156212:2157145](+),MPNASQHRASRDGFRPIRVSIEFFPPKTEEMEKILWSSIERLAPLQPKFVSVTYGAGGSTRERTHNTVARMVRETSLKPAAHLTCVDATKEEIDGVVQSYWDAGVRHIVALRGDPAEGVGHSYRPHPGGYAQTCDLVAGIKRIGDFKVSVSAYPEKHPEAASLDADIEALKAKVDAGADQAITQFFFDNEIYLRYRDKVRAAGIDIPIIPGILPVQNFKQAANFARRTGASVPYWLAARFEGLENDVETRRLVAAAVAAEQVLDLVDEGVEDFHFYSMNRSDLVYAICHLLGLRSQAPAKPAVKPEAKAA
dcmA,FP103042.2,Methylorubrum extorquens DM4 genome assembly,GTGAGCCCGAATCCAACGAACATACATACGGGTAAGACCTTGCGCCTACTTTATCATCCGGCGTCCCAGCCATGCCGCTCAGCACATCAATTCATGTATGAGATTGACGTTCCCTTCGAGGAAGAAGTCGTGGACATCTCCACGGACATCACCGAGAGGCAAGAGTTCAGGGATAAGTACAACCCGACGGGGCAGGTTCCGATTCTCGTTGATGGTGAGTTCACCGTTTGGGAGAGCGTAGCCATCGCGCGCTACGTGAACGAGAAGTTCGACGGCGCCGGCAACTGGTTCGGACGCGGCACGCAAGAGAGGGCGCAGATCAACCAGTTTCTACAATGGTACGCCTATACTCTCCGCCTTGGAGGTGGGGCGTTCCACTGGAACATCTTCGGCTGTTTGATCTATGGGGAGAAGCCGTACAGTCCAAAATTCACCGCGGAGCAAAACAAAGGGCGCACCCTTTTGTACGAAGCCATGGGGACGCTAGAGAATTACTGGCTGAGGGACCGCGAATATGTTTGCGGGGATGAGGTCAGCTATGCGGATTTGGCCGCTTTCCATGAGTTCGTGTCGCATGAGGCCGGCAAGATCATTCCGGACCGTGTCTGGCAAGGATTCCCCAAAATCGCGGCATGGTTCAAGAAACTATCTGAACGGCCTCACGCGAAGACCGTGAGCGAGTGGCAGTATACGAACGTCGGGAAAATAATCCGAGGCGAGTTAACGGCGAGTATGTTTAAGCGCAAGACGGCTGTGTTGAAGGGGACGGAGGTCTTCAGCGGACACAACCATGGAATTCCTTACTTGAACGAGAAGGCAGAGGACTACTTCAAGCGGGTTGAGAAGGAGGGCGCGGCAGTCGCTTAG,[2562956:2563823](+),MSPNPTNIHTGKTLRLLYHPASQPCRSAHQFMYEIDVPFEEEVVDISTDITERQEFRDKYNPTGQVPILVDGEFTVWESVAIARYVNEKFDGAGNWFGRGTQERAQINQFLQWYAYTLRLGGGAFHWNIFGCLIYGEKPYSPKFTAEQNKGRTLLYEAMGTLENYWLRDREYVCGDEVSYADLAAFHEFVSHEAGKIIPDRVWQGFPKIAAWFKKLSERPHAKTVSEWQYTNVGKIIRGELTASMFKRKTAVLKGTEVFSGHNHGIPYLNEKAEDYFKRVEKEGAAVA
cmuB,AY838881.1,"Aminobacter lissarensis CC495 chloromethane utilization gene cluster, partial sequence",TCGGCGATTGCACAATCGGCGGACCGCTTGGGTCCCATACCGGGCTTATCGTTGGGAGTATTTTTTACGACAATCATTCCATTGTCACCGATGCCTTCTCCGGCGCCTTCGATAAGGACAAGGCAGCCGGTCTGATTGACCGTGTCAACGGGCTGGCGTCGCAGTACGGCGTGCAGATGGCGTTCGACGTGATCGGCTCCGATCCGGATGCTTTCGCCAAATTCATCCGTTTTACCTCCGAGCGCACCAGATTACCGCTGCTTTTGAACGCGACGGAGGCGGAAGTACGCGTCGCTGGTCTCGCCACGGCGGCCGAGCTTGGCATTCTCGACCGCTGCATCTTCGCCTCTCTCAATGAGGATACGGAGGATCAGGAGCTTGACGCGCTGAAAAAGTATCGGCCTGCCGGCGTCATGATCCTTGCCAACGACGTCGGCGATCCGACGCCCGAAGGTTCCTGCAACATGATCGAGAACCATTTCAGACCGATGCTCGATGAGATCGGCGTTGAGGTGCCGATCGTCGACCTTGGCGTCATGGATGCGCCATCGGTCGGCATCGCAATGCGCGGCATCGAAGCCGTCCGCGAACGATTTGGCTATCCGGCCGGATGCGCATTCTCGAACTGCTTCCCGCAGTGGACAGGTCTGTCTTCCCTCGGTCGCGAATGGGTCAACCTCTCCCTGGCGACAGCGTTGGTCTGCACCCGCATGGCGGGCGGCGACTTCCTGCACTACGGAATCATCGAAAAGTGCCGCATGGCGGCGCATGCCCTAGGCAGCGCCGAGGTGTTTCTCGGCTTCGCCGCACAGGAACTGGACGGTCACAAGCTGCCTCAAGGGCATGCCTTGCTCAAGATGTTCAAGCTGGCGGAGGCTGCATGA,[<0:884](+),GDCTIGGPLGSHTGLIVGSIFYDNHSIVTDAFSGAFDKDKAAGLIDRVNGLASQYGVQMAFDVIGSDPDAFAKFIRFTSERTRLPLLLNATEAEVRVAGLATAAELGILDRCIFASLNEDTEDQELDALKKYRPAGVMILANDVGDPTPEGSCNMIENHFRPMLDEIGVEVPIVDLGVMDAPSVGIAMRGIEAVRERFGYPAGCAFSNCFPQWTGLSSLGREWVNLSLATALVCTRMAGGDFLHYGIIEKCRMAAHALGSAEVFLGFAAQELDGHKLPQGHALLKMFKLAEAA
cmuC,AY838881.1,"Aminobacter lissarensis CC495 chloromethane utilization gene cluster, partial sequence",ATGACCGCGGTCTGGAGCCAGCGTGCGGGCGACATCGCCGCCAGACGTATGGTGGTGGATATCGGCACCACCTCGCTGACCGGCGTGCGGTCGGCGGCGGTCGCTGGCGCGCGTCGAGGATTCGCCTCGCATCCGATCTACCAGACGACGCCCTTGTCGGCTTCAGACTGTTCCAAACTAGGCTCCGACTTCCAGCGCGTGGGGTTTCTCTATGATCGGCTGTCCGAAGGTGGGGATGAGGTCACCGATGCCTACGGTGTCAGCTGGCTGTTCTCTGACGGGTTTCCCGCGCCATTTCAGCACCCGCTCGAGACGGCCGACTGGAAGGACGTCTCGCGCCATCCTCGTCCGCAATCTCCATCCCGGATTCAGCTTGCAGATGCCAGCCGGCCAGACCTGCTCACCGTGCTCGACCCGCCTTGCCGGGACTTCTCGACACCTGCTTCGCGCTTCGTAACGCATGGCAGTTCCTGGATGACCTACCGGCAATTGGCGCATCGCGTCGGCGCTTCTGGATTGGGCGGCGGAAACCATCGAGCAAAGCTACCGCACGGCGCTCGCCGCGCTGCCATCGAGCCGGATTTGATCGTCTATGGCGATGATCTTGGTTTCCAGGGGGGCATGTACCTGTCGGACCAGGACTTCAGGAATTTCCTTTTCCCGCGCATGCAAACCTTGTTCGCGCGATTGAGGCGCATGAGCAGTGCCGCGATCTGCATGCATTCCTGCGGCGCTGTTCGATCGATCGTGGGCGATCTCGCCAGCCTCGACGTCGAAATGCTCAATCTCGATTTCTATGCCAAGAACATGATCGTTGCCGACGTTCGTCGTGAATTGCCCTCTTCGGTCATTCTTCATGCGCCGGTAAACCTGGCGTCGATCGGCGATGCTGTCCGCGAAGGCAACAATGCAACGCTTGCGCTTCTCGCCACTGAACTCGCTGGCTCGATGCCAGCGATAGCGGCGCCAATTGACAACATCATTTCGATGGAAGCCCTGGAGGCCAACTTTCGCGGAGTGGCATTCGTTCGGGCGCTCAGCGCCGGAGATCTTGTGACTCTGTGCGACATAGGACCCGTCCGATCGATCATCGAAAACGCAAGAAACGCTGCGCTTGCCGCTGAATTCCCGGCGATCGCGCGGGAGGAATTCCCGATCGGTTTTCTCGAAACTGGAAAATCGAAAGGGAATGCGCCGCACGCCAGGTCGTTGGCGGTCGCCGCAGGAACAAGGCTCAATTGA,[880:2122](+),MTAVWSQRAGDIAARRMVVDIGTTSLTGVRSAAVAGARRGFASHPIYQTTPLSASDCSKLGSDFQRVGFLYDRLSEGGDEVTDAYGVSWLFSDGFPAPFQHPLETADWKDVSRHPRPQSPSRIQLADASRPDLLTVLDPPCRDFSTPASRFVTHGSSWMTYRQLAHRVGASGLGGGNHRAKLPHGARRAAIEPDLIVYGDDLGFQGGMYLSDQDFRNFLFPRMQTLFARLRRMSSAAICMHSCGAVRSIVGDLASLDVEMLNLDFYAKNMIVADVRRELPSSVILHAPVNLASIGDAVREGNNATLALLATELAGSMPAIAAPIDNIISMEALEANFRGVAFVRALSAGDLVTLCDIGPVRSIIENARNAALAAEFPAIAREEFPIGFLETGKSKGNAPHARSLAVAAGTRLN
cmuC,AF307143.3,"Aminobacter sp. IMB-1 chloromethane utilization gene cluster, partial sequence",GGCCACCCGGACCTGCTTGTCGTCCTCGACCCCCCTTGTCCCGGGCTGCTCGACACCTGCTTTGCGCTGCGAAACGCATGGCAATTCATGGATGACCTGACTGGAAACTGGCGCATCGCATCTGCGATGCTGGACTGGGCGGCAGAAACCATTGAGCAAAGCTACCGCGCAACACTAGGAGCTCTCCCGGTCGAGCCCGACGTCATCGTCTACGGCGACGACCTCGGCTTCCAGTCGGGTATGTACCTCTCCGATCTCGACTTCCGCAACTTCCTATTCCCCCGGATGCAGACATTGTTTGCACGATTGCGGCGCATGACAGGCAGCGCGATCTGCTTTCATTCGTGCGGCGCAATCCGGTCGATCGTGGAAGACCTGGCCAATCTCGATGTCGAGATTCTCAATCTCGACTTCTATGCCAAGAACATGATCATGCCGGAGGTCCGGCGAAGCATCCCGGAAGCCGCGATACTGCACGCCCCGGTCAACCTTGCTGCGATCGGCGAAGCCGTGCGTGAAGACAATCAGGCAACGCTTGCCTTGCTGGCTTGCGAACTGGCCACGGCGATGCCTGCGATTGCCGCGCCCATAGACAACATCATCTCACCCGAGTCGCTCGAGGCAAACGTCCACGGCGCAGCTTTCGTGCGGGCGCTGAGCGCTCAAGACCTTGTCGTGCTCCGCGACCTCGGTCCGGTTCGATCCATCATCGAAAATGCAAGACGTAGCGCGCTTGTTGCCGGGTCTGCCGCGGTCACTGGTGAGGAATTTCCGATCGGCCTTCTGGAAACAGGACGGGCGGCCGGGAATGAGCCGGATGTAGTGCCGTTGGCCGTGGCCGGCGGACGGCTCAATTGA,[<0:858](+),GHPDLLVVLDPPCPGLLDTCFALRNAWQFMDDLTGNWRIASAMLDWAAETIEQSYRATLGALPVEPDVIVYGDDLGFQSGMYLSDLDFRNFLFPRMQTLFARLRRMTGSAICFHSCGAIRSIVEDLANLDVEILNLDFYAKNMIMPEVRRSIPEAAILHAPVNLAAIGEAVREDNQATLALLACELATAMPAIAAPIDNIISPESLEANVHGAAFVRALSAQDLVVLRDLGPVRSIIENARRSALVAGSAAVTGEEFPIGLLETGRAAGNEPDVVPLAVAGGRLN
cmuA,AF307143.3,"Aminobacter sp. IMB-1 chloromethane utilization gene cluster, partial sequence",ATGGCTACCCCAGGAAAAATGACGAGCCGCGAGCGCGTTTTCGCCGCGGTGACTATGCAGGGCCTGCCCGACCAGGTTCCGGTCGTGCCGCTGCTTATGACACGCGGTATCCGTGAAGGCGGGGTCCGGGTCGATGAGGTCTTGCTTGATGGCGAAGCGCAGGCGCACGCCAAGAAGAAGTCACTCGACAAGTTCGGGGGCGACGTGATCATCGCCGGCACCGACCTTTTCACTCCGGTGGAATGCGTCGACGGCTGTGAACTCGATTATCTGCCGTACGCCCAGCCTTCCCTAGTCACCCACCCCACGCCGACTAGGGATGCCTTCTACCGCTTCAAGGAAAAGTACGAGAAGGAGGGCTTCAAGCCCTCGAAGCGAGTCCTGGCAATCCAGGAGGAAGGCCGCACCTATGTGAAGATGGGCCTCAAGGACACCCACGCGATCCCGACCCCGGTCGGAGGCCCGATCACTACGGCCCAGCTCATGACAGGCTCGTCCGAGTTCCTGACGTTGCTTTCCGAAGATCCGGAATACGCGCTGGAGGTGACCGAACTGGCTCTCGACATCGTCAAGAACGTGTGCCGTCTGATGTTCGAGTCCGGAATCGATGTCTGCAACATCCTCGATCCGTTCAATTCGTCGGATATTCTGCCGCCGGAGGTTTACCGCAAGCACGGCCTGCCGTTCCAGAAGCGGCTGTTCGACTACATCAACAACGATCTCAAGGGGATCGGCTTCACTCACACCTGCACCTTTACGCAGCCAATCTGGCGCGACATCGCCTCCAACGGTTGCTTCAACTTCAACGGCGACATGTATCCCGGCATGGACAAGGCCAAGCAGGCCATCGGCGGCCAGATCTCGCTGATGGGCACGCTCTCGCCCTACTCCACGCTGATGCATGGATCGACTGAGGCGGTGCGCAACGAGGTCAAGAAGCTGGCGGCCGAGGTCGGCTACAATGGCGGTCTCATCGTCATGCCCGGCTGCGACATCGACTGGAACATTCCGGAAGAGAACTTGCACGCCATGATCCAGCAGTGCGCCGAGATCAAGTATCCGATGGACATCGCGTCGCTAGGAGACCTCTCCAATGTCTACCTCGCCGGACATCCAAAGCATCCCGGCAAGCGTTCGTCCTCGGTGTCGGGCGACACGCAGATCGCTGAGGTCAAGACCCGCCACGAGGATCTCACCCCCCAACAGGAGGTCAATGAGAAGCTCGTCGAAGCCATCATGGAATATGACGGCGACAAGGCGATCGAATGGACGAAGAAGGGGCTCGAGCGCGGCATGACCGCTCAGGAAATCGTCTTCGACGGCCTCTCCCTCGGCATGAAGATCGTCGGCGACATGTATGAGCGCAACGAGCGCTTCGTCACCGACATGTTAAAGGCCGCCAAGACGATGGACAAGGCGATGCCGATCTTGACACCGCTGCTCGAAGCCGCAGGCGGTGGCGATGGCCCGACTGGCACGGTCGTGGTCGGGCTGGTGCGCGGCAACACCCAGGACATCGGCAAGAACCTCGTCTGCCTGATGCTGAAGGCTAACGGCTTCAAGGTCATCGATATGGGCAAGAACGTGAAAGCCCGAGCAGTTCATCGAGATGGCGGAGAAGGAAAATGCCGTCGCCATCGGCATGTCGGTGATGACCAACTCGTCCTCCGTCTATGTCCAGAAGGTCAAGCAGCTGCTGGATGA,[884:2588](+),MATPGKMTSRERVFAAVTMQGLPDQVPVVPLLMTRGIREGGVRVDEVLLDGEAQAHAKKKSLDKFGGDVIIAGTDLFTPVECVDGCELDYLPYAQPSLVTHPTPTRDAFYRFKEKYEKEGFKPSKRVLAIQEEGRTYVKMGLKDTHAIPTPVGGPITTAQLMTGSSEFLTLLSEDPEYALEVTELALDIVKNVCRLMFESGIDVCNILDPFNSSDILPPEVYRKHGLPFQKRLFDYINNDLKGIGFTHTCTFTQPIWRDIASNGCFNFNGDMYPGMDKAKQAIGGQISLMGTLSPYSTLMHGSTEAVRNEVKKLAAEVGYNGGLIVMPGCDIDWNIPEENLHAMIQQCAEIKYPMDIASLGDLSNVYLAGHPKHPGKRSSSVSGDTQIAEVKTRHEDLTPQQEVNEKLVEAIMEYDGDKAIEWTKKGLERGMTAQEIVFDGLSLGMKIVGDMYERNERFVTDMLKAAKTMDKAMPILTPLLEAAGGGDGPTGTVVVGLVRGNTQDIGKNLVCLMLKANGFKVIDMGKNVKARAVHRDGGEGKCRRHRHVGDDQLVLRLCPEGQAAAG
metF,AF307143.3,"Aminobacter sp. IMB-1 chloromethane utilization gene cluster, partial sequence",ATGTGTGAGCAGACCAATGCCCAGGCCGTGCCGGTCGAAGCGCCTCGCAGACTCCTGGATGGCGATCTCTCCATAGAGCTCTCGTCCGATCAGGTCCGGGACTTCAGTCCAAGTTCCAGCGTGCTGCCACAAGGGTCGCGCGTCTTCCTCACTCATCTGACAGGCAAACCCCTGAGCGCTCAGATCGATGCAGCCGCAAGACTGCGGGACATGGGCTACCTGCCTGTGCCGCATTTGGGAGCGAGGAACTTCAACACTGCGGACGACTATGTCCGGCACGTCGAGTCCCATTCGCGCAACGGCGTCACGACCGCACTTTTCGTAGGAGGCAATCCACTGATCTCTTCAGGCCCGCTGACGGAAGCGGCACAACTCCTCGCTCACCCTGTCCTGCGCGACAGCACCATCCGCCACGCCTTTATCGGAGGTTATCCCGAAGGCCATCCGGCGATCTCCCAACCAGCGCTTGAAGATGCACTGAGAGCCAAGATCGCGTTGTCCTCCAAGGTTGGCCTGTCGGTACAGGTGGTATCCCAATTTGCGTTCGATGGCGCCCAGATGGGCCGTTGGGCGCAGAAACTTCATTCTGACTATCCGGGGCTTCCCGTCCGAGTGGGGCTCGCCGGGGTAACGTCTTTGCCAAAGCTCATCAAATTCGCGGTGATGTGCGGTATCGGGCCGTCCCTCGCCGCACTGAAGCGAAGCGGCACCGGCCTGTTCAA,[5443:>6165](+),MCEQTNAQAVPVEAPRRLLDGDLSIELSSDQVRDFSPSSSVLPQGSRVFLTHLTGKPLSAQIDAAARLRDMGYLPVPHLGARNFNTADDYVRHVESHSRNGVTTALFVGGNPLISSGPLTEAAQLLAHPVLRDSTIRHAFIGGYPEGHPAISQPALEDALRAKIALSSKVGLSVQVVSQFAFDGAQMGRWAQKLHSDYPGLPVRVGLAGVTSLPKLIKFAVMCGIGPSLAALKRSGTGLF
folD,AF281259.2,"Hyphomicrobium chloromethanicum chloromethane utilization gene cluster, complete sequence",ATGCTTCCCATCGACCTGAATGGCACGCTCGTATCCTTCGAGGCACGGGCGTTTCTCGGGCCTACGGAAGATGAAGAAGCGCTCGTCCTCATCCATCAGCAGGTTCCGATAGCGCCCGACAGCGAACCACTCGTCTACATCCACTCCGGGTGTTTGGTTGGTGACGCGTTTCACTCAATGCGATGCGACTGTCGCCGCAGACT,[<0:203](-),MLPIDLNGTLVSFEARAFLGPTEDEEALVLIHQQVPIAPDSEPLVYIHSGCLVGDAFHSMRCDCRRRL
cmuB,AF281259.2,"Hyphomicrobium chloromethanicum chloromethane utilization gene cluster, complete sequence",ATGGAGATCTTAGTGTCGAAAGGCATTTCAAAGTATCACACGATCAAGATTGGCGACGTAACGATCGGCGGGCCGCTCGGCTCCCACACCGGCTTACTGGTCGGTAGCATCTTCTACGATAAGCATTCTCTCGTGTCCGACGCCTTTGCTGGCGCATTCGACGAGGCTAAAGCCGCGGCAATTATCGAAAAGGTCAACGGGCTTTCCGAACGCTACGGCGTGCAAATGGCGTTCGACGTCATCGCTGCTTCGCCCGAAGCGATGGAGAAATTCATCGAGTTTGTTGGTGGCCGAACCAAGCTGCCCTTTATGATCAACGCATCAGAGGCTGACGTGCATATCGCGGGCCTCGAATGCGCAGATCGTCTTGGTGTCCTTAACCGAGCGATCTTTGCTTCTCTAAATGAAGATACTGACGACAGTATTATCGAAGCACTCGGCCGCCATCGCCCAGCGTGCGTGATGATTCTCGCGAATGACGTCGGAGATCCGACACCAGAAGGCAGTTGCGAGATGATCGAGCGTGTTTTCAGGCCGATGCTCAACGAGATCAAAGTCGAAGCACCGCTCGTCGATCTTGGTGCAATGGATCCACCTTCGGGCGGCATCTCGAAAAGAGGAATAGAGGCGGGTCGACGTCGATTTGGGTATCCAACCCGCTGGGCCCTCTCTAAATGCTTTCCCCAAGTGGACGGGGCTTCGCGAACTTGGGCGCGAATGGGTCAACCTCTCGCTGGGAACGGCGCTGGTGCCTGTCGTGCTGCGGGTGGAGACCTCCTCCAATACCGAATATCGAAAAGGCGACGATGGCCGCTACGTCTCGGCTCCGCTGAAGCTCTACGCTTCGCTGCGCAGGAACTGACGGCCACCTGCCGAGGGGCACGCTCTTTCTCAGGATGTTCAAACTTGGAGCAACTCAGTGAGTGTCCGTGCTGA,[4412:5348](+),MEILVSKGISKYHTIKIGDVTIGGPLGSHTGLLVGSIFYDKHSLVSDAFAGAFDEAKAAAIIEKVNGLSERYGVQMAFDVIAASPEAMEKFIEFVGGRTKLPFMINASEADVHIAGLECADRLGVLNRAIFASLNEDTDDSIIEALGRHRPACVMILANDVGDPTPEGSCEMIERVFRPMLNEIKVEAPLVDLGAMDPPSGGISKRGIEAGRRRFGYPTRWALSKCFPQVDGASRTWARMGQPLAGNGAGACRAAGGDLLQYRISKRRRWPLRLGSAEALRFAAQELTATCRGARSFSGCSNLEQLSECPC
cmuC,AF281259.2,"Hyphomicrobium chloromethanicum chloromethane utilization gene cluster, complete sequence",ATGGAATGGACTGTACGGAGTTGGGTTCTGACTGTGTCCGAACGGGTATTACTTTTCGACCGTCCGCATGTCGTGGATGATACGTTTGTTGATCCATTCGGCATCGAATGGCTGGTCGTTGATGGTACGCCCACGCCTTCGCGGCACCCGCTTGAGCACGCCACGCTGGCTGAAATCGCCAGATATTCACGCCCGGTTTGGCCAAGCCGAATACAGATCCCGGAGCCCGACGTTGACGACCTTGTTTTGGTCGCTGATGCCCCGTGTCCCGGACTACTCGACATGTGTTTCGGTCTCCGTAATAGCTGGGTGTGTCTTGACGACATGACAAGCAATTGGCGGAGCATTTCGGCCCTTCTCGATTGGTCACTCGAGACAATCGTATCGGCGTATGAACACCTACTCTCGCACCTGCCGCGCCAACCGGACGTTCTCATTTATGGCGACGACCTTGGCTTTCAGCAAAGCATGTTCGTGTCCGAAATTGATTTTCGCAATTTCGTGCGTCCACGGATGCGCACCTTGTTTTCACGCCTTCGTAAACTAACCCCCGCAGCGCTCTGCTTTCATTCTTGCGGCGCTATCCGTCCCATAGTGCGGGATATCTGTGATCTCGGAATTGATATTTTCAATTTCGACGGAGCTGCACGCGGAATGGTGAGTGGAGAGATTCGACGCGATATCCCGCGCGAAATTATCATCCATGGCAGCAACGATCTCATCGCTCTCGGGCGTTCCGTGCAAAGCCAAAATATGGCGTCTGTTGCTATTCTCGCCACTGAGATTGCAGACTGTGCGCCGGTCATTGCCGCGCCGATGGACAATATTTCTGTTGCCGAAGACATCGAGGCAGCTCGGATTGGCGCCGAGTTTTTGCGCCATCTCACGCCGGACGATGTGAGCGATCTCGCCCGCCTAGGACCGGTCCGCAGCATCCTCGAGCATGCCGTCGCTCGGGCAAACGAAGCGCTCGTTCCCGATCTCGCGGGTAAACGGCCAGCATCCATCGATCTGACGGGATGTCCATCGGATGATCCGACCGTGACGCCGTTTCCTGCCCCATTACTTGCTGTCTCACGCACTGAAAAAAGCAAAACAAGGAGGAAGGCATGA,[5500:6613](+),MEWTVRSWVLTVSERVLLFDRPHVVDDTFVDPFGIEWLVVDGTPTPSRHPLEHATLAEIARYSRPVWPSRIQIPEPDVDDLVLVADAPCPGLLDMCFGLRNSWVCLDDMTSNWRSISALLDWSLETIVSAYEHLLSHLPRQPDVLIYGDDLGFQQSMFVSEIDFRNFVRPRMRTLFSRLRKLTPAALCFHSCGAIRPIVRDICDLGIDIFNFDGAARGMVSGEIRRDIPREIIIHGSNDLIALGRSVQSQNMASVAILATEIADCAPVIAAPMDNISVAEDIEAARIGAEFLRHLTPDDVSDLARLGPVRSILEHAVARANEALVPDLAGKRPASIDLTGCPSDDPTVTPFPAPLLAVSRTEKSKTRRKA
cmuA,AF281259.2,"Hyphomicrobium chloromethanicum chloromethane utilization gene cluster, complete sequence",ATGACTCAAGTTCCCAAAATGACTTCGCGCGAGCGCCTGTTTGCGGCGGTTACGATGCAAACATTGCCGGACCAGGTTCCGTGTGTGCCGCTCCTGATGACACGCGGCATTCGTGAGGGCGGCATCACCGTTGATCAAGCCTTGCGCGATGGCGAAGCGTCGGCTCATGCCAAGATCAAGGCGCTGAAGAAATTCGGCGGGGACGTCATCATTCCGGGAACGGATCTTTTTACGCCCGTGGAATGCGTTGAGGGGTGCGAACTCGATTATCTTCCGTACGCTCAGCCCTCGCTCGTAAAACATCCGACGCCGACGAAAGAGGCGTTCTATCGCTATAAAGAAAAGTATCTTCGCGAAGGCTTTAAGCCATCCGAGCGCGTTCTTCAGATCCAAAGAGCGCGAACGATGATCGCCAGGCGTAAGGACACGCACGCCATGCCGACACCAGTCGGCGGTCCGATTACGCGGGCACAGCTGATGACCGGATCGAGCGAGTTCCTGAGCTACATCAGCGATGATCCTGATTACGCGAAGGAAGTGACGGAGCTTGCACTCGATATCGTCAAGAACGTCTGCCGAATGATGTTCGAAGCCGGAATTGACGTCTGCAACATTCTCGATCCCTTCAATTCCTCGGACATTCTGCCGCCGGACACCTATCGCGAGTTCGGGCTGCCGTATCAGAAGCGTCTTTTTGCCTACATCAAGGAAATCGGAGGCATCGGCTTCACACACACCTGCACGTTCACTCAGCCGATCTGGCGCGACATCGCCAACAATGGGTGCTTCAATTTCAACGGCGATATGTATCCCGGAATGGATCACGCCAAACGTGCGATCGGCGGTCAAATATCGTTGATGGGGACGCTGTCGCCATTCTCCACGTTCATGCACGGATGGACGACGGACGTCGCCAACAAAGTTAAAAAGCTTGCCGCCGAGGTCGGCTATAACGGTGGCCTCATCGTCATGCCGGGATGCGATATCGACTGGACGATTCCCGACGAGAATTTGAAGGCGATGATTGAGACATGCGCGTCCATCAAATATCCGATGGATGTTGCTGCGCTGGGAGACTTGTCAAACGTCTACCTGGCAGGCCACCCAAAGCATCCAGGCAAGCGTGCGCCGTCGACCGCAGGTGATACCGATGTCGCCGAAGCAAAGACGCATCACAAGGAGCTAACCCCTCAGCAAGAAGTCAACGAGAAACTCGTCGAAGCCATCATGGAATATGACGGCGATAAGGCTATCGAGTGGGTGAAGAAAGGTCTTGAGCGTGGAATGACCGCGCAGGACATCGTCTTTGACGGATTGTCTCTCGGCATGAAGGTCGTTGGCGACATGTACGAGCGCAATGAGCGTTTCGTCACCGACATGCTCAAGGCCGCAAAGACTATGGATAAGGCGATGCCGATCCTAACCCCGCTGCTCGAGCAGGCCGGCGGTGACGGCGGCCCGACTGGCACCGTCGTTGTTGGTCTTGTGCGTGGCAATACCCAAGATATCGGCAAAAATCTCGTTTGTCTGATGCTGAAGGCCAACGGGTTTAAAGTCATTGACCTGGGCAAGAACGTAAAGCCTGAGCAGTTCATCGAGAGTGCCGAGAAGGAAAATGCTGTCGCCATCGGCATGTCGGTGATGACAAATTCTTCGACCGTCTACGTAGAGAAAGTGAAAGAGCTACTCGATAAGGCGGGGAAGGGCGACAAGTACCTTCTGATGTGCGGTGGCGCCGCTGCAAATAAGGGCGTCGCGGACAAGATGGGCGTCAAATACGGTCTTGATGCCAATGCTGCTGTGTCTCTCGTGAAAGACCACCTTCAGGCCGCTGCTTAA,[6609:8448](+),MTQVPKMTSRERLFAAVTMQTLPDQVPCVPLLMTRGIREGGITVDQALRDGEASAHAKIKALKKFGGDVIIPGTDLFTPVECVEGCELDYLPYAQPSLVKHPTPTKEAFYRYKEKYLREGFKPSERVLQIQRARTMIARRKDTHAMPTPVGGPITRAQLMTGSSEFLSYISDDPDYAKEVTELALDIVKNVCRMMFEAGIDVCNILDPFNSSDILPPDTYREFGLPYQKRLFAYIKEIGGIGFTHTCTFTQPIWRDIANNGCFNFNGDMYPGMDHAKRAIGGQISLMGTLSPFSTFMHGWTTDVANKVKKLAAEVGYNGGLIVMPGCDIDWTIPDENLKAMIETCASIKYPMDVAALGDLSNVYLAGHPKHPGKRAPSTAGDTDVAEAKTHHKELTPQQEVNEKLVEAIMEYDGDKAIEWVKKGLERGMTAQDIVFDGLSLGMKVVGDMYERNERFVTDMLKAAKTMDKAMPILTPLLEQAGGDGGPTGTVVVGLVRGNTQDIGKNLVCLMLKANGFKVIDLGKNVKPEQFIESAEKENAVAIGMSVMTNSSTVYVEKVKELLDKAGKGDKYLLMCGGAAANKGVADKMGVKYGLDANAAVSLVKDHLQAAA
metF,AF281259.2,"Hyphomicrobium chloromethanicum chloromethane utilization gene cluster, complete sequence",ATGACTCGATTAACGACTTCGCTCGCCGGCACTCAGCCCAATGAAGACGGATCTTCGCTAGCAAGCGAAAAGCCACTTATGGGCAATATCTCAATCGAACTTCTTCCTGAGCACGTTGCAACGTTTCATCCGACAGCGGCCAATCTGAAGCCGGGTTCGTTCGTTTTTCTTACTCATATCGGCGGCAAGTCACTTGCGGCGCAGGCCGGCGCGGCCGCCCGCATTAAAGCGATGGGATACGAACCCGTCTGTCATCTTGGGGCGCGCAATTTCACATCACGAGACGAATATGCAAATCATCTCTCGGCGCTGAGCGACGCTGGGGTTACAACGGTCTTGATGATCGGTGGCAACTCTTCGGATAGCGTGCCGCCGATGCATAGCGCCATGGAGTTACTCTCGCACTCCATTGTTCCACGAACAGGTGTTAAACGCATTTTCTTCGCTGGACATCCCGAAGGCCATCCATCCATACCCCCAGAGATCCTGGTGCCGACGTTGTTGGAGAAGATCAACGTTGCGCGTGAGCTTTCGCTGGTTCCCGAAATCGTGACGCAATTCGCCTTCGATGGCGCTGCAATGGCCGCCTGGGGGGCCGGTCTACGGAAAGCAGGAATCGACGTCCCGATTAGGTTCGGGGTCGCCGGGGTCACGTCGCTACCCAAGCTCATCAAGTTTGCAATGCTTTGCGGCGTCGGCGCATCGCTCAAAGGGCTAAGTCGCCAAGGCGGTTCAATCCTCAAGGCCATGCGTGACCAAGATCCTGGCGATGTCATTTCCCAACTTCGTATCGGCACGGAGGCTTAA,[11294:12101](+),MTRLTTSLAGTQPNEDGSSLASEKPLMGNISIELLPEHVATFHPTAANLKPGSFVFLTHIGGKSLAAQAGAAARIKAMGYEPVCHLGARNFTSRDEYANHLSALSDAGVTTVLMIGGNSSDSVPPMHSAMELLSHSIVPRTGVKRIFFAGHPEGHPSIPPEILVPTLLEKINVARELSLVPEIVTQFAFDGAAMAAWGAGLRKAGIDVPIRFGVAGVTSLPKLIKFAMLCGVGASLKGLSRQGGSILKAMRDQDPGDVISQLRIGTEA
hheB,D90350.1,"Corynebacterium sp. N-1074 hheB gene for halohydrin epoxidase B, complete cds",ATGGCTAACGGAAGGAAAAGGGAAATGGCTAACGGAAGACTGGCAGGCAAGCGGGTCCTACTCACGAACGCCGATGCCTACATGGGTGAGGCCACGGTCCAGGTGTTCGAGGAGGAGGGCGCAGAGGTCATCGCTGACCACACCGACTTGACGAAGGTCGGCGCGGCGGAGGAGGTCGTCGAGAGGGCTGGGCACATCGATGTCCTGGTGGCCAACTTCGCGGTCGACGCCCACTTCGGGGTGACCGTGCTGGAGACCGACGAGGAGCTGTGGCAGACGGCCTACGAGACCATCGTGCACCCGCTGCATCGGATCTGCCGTGCGGTGCTCCCGCAGTTCTACGAGCGGAACAAGGGCAAGATCGTTGTCTACGGAAGTGCCGCAGCGATGCGGTACCAGGAAGGTGCGCTGGCCTACAGCACGGCGCGTTTCGCTCAGCGCGGGTACGTCACCGCCCTCGGTCCCGAGGCAGCGAGGCACAACGTCAACGTGAACTTCATCGCCCAGCACTGGACCCAAAACAAGGAGTACTTCTGGCCCGAGCGCATCGCCACCGACGAGTTCAAGGAGGATATGGCGCGCCGAGTTCCCCTGGGTCGGCTCGCGACTGCCCGAGAGGACGCGCTGCTCGCGTTGTTCCTGGCCTCGGACGAGAGTGACTTCATCGTCGGCAAGTCGATCGAGTTCGACGGCGGCTGGGCCACCTGA,[372:1080](+),MANGRKREMANGRLAGKRVLLTNADAYMGEATVQVFEEEGAEVIADHTDLTKVGAAEEVVERAGHIDVLVANFAVDAHFGVTVLETDEELWQTAYETIVHPLHRICRAVLPQFYERNKGKIVVYGSAAAMRYQEGALAYSTARFAQRGYVTALGPEAARHNVNVNFIAQHWTQNKEYFWPERIATDEFKEDMARRVPLGRLATAREDALLALFLASDESDFIVGKSIEFDGGWAT
vCPO,X85369.1,C.inaequalis mRNA for vanadium chloroperoxidase,ATGGGGTCCGTTACACCCATCCCACTCCCTAAGATCGATGAACCCGAAGAGTACAACACCAACTACATACTATTCTGGAACCATGTCGGTTTGGAACTCAACCGCGTAACTCACACTGTTGGAGGCCCCCTGACGGGACCACCTCTCTCTGCCAGGGCTCTGGGTATGCTGCACTTGGCTATTCACGACGCCTACTTTTCTATCTGCCCTCCGACCGACTTCACCACCTTCCTCTCACCTGATACTGAGAATGCCGCGTACCGTCTACCTAGCCCTAATGGTGCAAATGATGCTCGCCAAGCAGTCGCTGGAGCTGCCCTCAAGATGCTGTCTTCACTGTACATGAAGCCCGTCGAGCAGCCTAACCCTAACCCCGGCGCCAACATCTCCGACAACGCTTATGCTCAGCTTGGCTTGGTTCTCGACCGATCAGTTCTGGAGGCACCTGGTGGCGTGGACCGAGAGTCAGCCAGTTTCATGTTTGGTGAGGATGTAGCCGATGTCTTCTTCGCACTCCTCAACGATCCTCGAGGTGCTTCGCAGGAGGGCTACCACCCTACACCCGGCCGCTATAAATTTGACGATGAACCTACTCACCCTGTCGTCCTCATTCCAGTAGACCCCAACAACCCTAATGGTCCCAAGATGCCTTTCCGTCAGTACCACGCCCCATTCTACGGCAAGACCACGAAGCGTTTTGCTACGCAGAGCGAGCACTTCCTGGCCGACCCACCGGGCCTGCGTTCTAATGCGGACGAGACCGCGGAGTATGACGACGCCGTCCGCGTCGCTATCGCCATGGGTGGTGCTCAGGCTCTCAACTCCACCAAGCGTAGCCCATGGCAGACAGCACAGGGCCTATACTGGGCCTACGATGGGTCAAACCTCATTGGCACACCACCTCGCTTTTACAACCAGATCGTACGTCGCATCGCAGTTACGTACAAGAAGGAAGAGGACCTTGCCAACAGCGAAGTCAACAATGCGGATTTCGCCCGCCTCTTCGCCCTCGTCGACGTCGCTTGCACAGACGCTGGTATCTTTTCCTGGAAGGAGAAATGGGAGTTCGAATTCTGGCGCCCACTATCTGGTGTGCGAGACGACGGCCGTCCAGACCATGGAGATCCTTTCTGGCTCACTCTCGGTGCCCCAGCTACTAACACCAACGACATTCCATTCAAGCCTCCTTTCCCAGCTTACCCATCTGGTCACGCGACCTTTGGCGGTGCTGTGTTCCAAATGGTGCGTCGATACTACAACGGCCGCGTAGGTACATGGAAGGACGACGAACCCGACAACATTGCCATCGATATGATGATCTCGGAGGAGCTCAACGGCGTGAACCGCGACCTACGCCAGCCTTATGACCCCACGGCCCCAATCGAAGACCAACCCGGTATCGTGCGCACCCGCATTGTTCGCCACTTCGACTCGGCCTGGGAACTCATGTTCGAAAACGCCATTTCGCGCATCTTCCTCGGTGTCCACTGGCGTTTCGATGCCGCCGCCGCCCGCGACATTCTCATTCCCACGACGACAAAGGACGTCTACGCTGTCGACAACAATGGCGCCACCGTGTTCCAGAACGTAGAGGACATTAGGTACACAACCAGGGGTACGCGTGAGGACCCCGAGGGCCTCTTCCCTATCGGTGGTGTGCCACTGGGTATCGAGATTGCGGATGAGATTTTTAATAATGGACTTAAGCCTACGCCCCCGGAGATCCAGCCTATGCCGCAGGAGACACCGGTGCAGAAGCCGGTGGGACAGCAGCCGGTTAAGGGCATGTGGGAGGAAGAGCAGGCGCCGGTAGTCAAGGAGGCGCCGTAG,[0:1830](+),MGSVTPIPLPKIDEPEEYNTNYILFWNHVGLELNRVTHTVGGPLTGPPLSARALGMLHLAIHDAYFSICPPTDFTTFLSPDTENAAYRLPSPNGANDARQAVAGAALKMLSSLYMKPVEQPNPNPGANISDNAYAQLGLVLDRSVLEAPGGVDRESASFMFGEDVADVFFALLNDPRGASQEGYHPTPGRYKFDDEPTHPVVLIPVDPNNPNGPKMPFRQYHAPFYGKTTKRFATQSEHFLADPPGLRSNADETAEYDDAVRVAIAMGGAQALNSTKRSPWQTAQGLYWAYDGSNLIGTPPRFYNQIVRRIAVTYKKEEDLANSEVNNADFARLFALVDVACTDAGIFSWKEKWEFEFWRPLSGVRDDGRPDHGDPFWLTLGAPATNTNDIPFKPPFPAYPSGHATFGGAVFQMVRRYYNGRVGTWKDDEPDNIAIDMMISEELNGVNRDLRQPYDPTAPIEDQPGIVRTRIVRHFDSAWELMFENAISRIFLGVHWRFDAAAARDILIPTTTKDVYAVDNNGATVFQNVEDIRYTTRGTREDPEGLFPIGGVPLGIEIADEIFNNGLKPTPPEIQPMPQETPVQKPVGQQPVKGMWEEEQAPVVKEAP
metF,CP023737.1,"Methylosinus trichosporium OB3b chromosome, complete genome",ATGGCCGATGCGCGCACCTCCTGGCCTCCGGGTCATTTCGACATCTCCTATGAGTTCTTCCCGCCGAAGACGCCGGAGATGGAGATCCAATTGTGGGATTCCATCGCACGCCTCGCGCCGCTGAAGCCGAAATTCGTCTCGGTCACTTATGGCGCCGGCGGCTCCACGCGCGAGCGCACGCATAATATCGTCGCGCGGCTCGTCGCCGAGACCGACATTCTTCCCGCCGCGCATCTGACCTGCGTCTCCGCCTCGCGCGCCGAGATCGACGAGATCGTGCGCGGCTATTGGAACGCCGGCGTGCGCCACATCGTGGCGCTGCGCGGCGATCCGCCGACGGGCGTCGGCACGAAATTCGAGCCGCATCCCATCGGCTATCAGAGCTCGACAGAGCTGGTGCGCGGCATTCGCGAGATCGGCGATTTCGAGATCTCCGTCTCCACCTATCCCGAAGGCCATCCCGAGAGCCGCAGCATCGACGACGACATCGATGCGCTCGCCTCGAAGATCGACGCCGGCGCGACGCGCGCCATCACGCAATTCTTCTTCGAGAACGACGTCTATTTCCGCTTTCTCGACAAGGCGCGCAAACGCGGCATAAAAATTCCGATCGTGCCCGGCATCATGCCGGTGCAGAACTTCAAGCAGACCGCCAATTTCGCGCGCAAGGCCGGCGCGAGCGTGCCCGGCTGGCTCGCCGATCGCTTCGAGGGATTGGACGACGATCCCGTCACCCGCCGTCTCATCGCCGCCGCCGTCGCCGCCGAGCAGGTGCTCGGCCTCGCCGAGAATGGCGTGCGCGAATTTCACTTCTACACCAATAATCGCGCCGACCTCGTCTTCGCGATCTGTCATCTTCTGGGCGTGCGTCCCGTTACCGAGAAAGCCGCAGCATGA,[4038769:4039666](-),MADARTSWPPGHFDISYEFFPPKTPEMEIQLWDSIARLAPLKPKFVSVTYGAGGSTRERTHNIVARLVAETDILPAAHLTCVSASRAEIDEIVRGYWNAGVRHIVALRGDPPTGVGTKFEPHPIGYQSSTELVRGIREIGDFEISVSTYPEGHPESRSIDDDIDALASKIDAGATRAITQFFFENDVYFRFLDKARKRGIKIPIVPGIMPVQNFKQTANFARKAGASVPGWLADRFEGLDDDPVTRRLIAAAVAAEQVLGLAENGVREFHFYTNNRADLVFAICHLLGVRPVTEKAAA
dhaA,AF060871.1,"Rhodococcus rhodochrous plasmid pRTL1 insertion sequence IS2112 putative transposase (tnpA), putative site specific recombinase (invA), haloalkane dehalogenase (dhaA), hypothetical alcohol dehydrogenase, and hypothetical aldehyde dehydrogenase precursor, genes, complete cds",ATGTCAGAAATCGGTACAGGCTTCCCCTTCGACCCCCATTATGTGGAAGTCCTGGGCGAGCGTATGCACTACGTCGATGTTGGACCGCGGGATGGCACGCCTGTGCTGTTCCTGCACGGTAACCCGACCTCGTCCTACCTGTGGCGCAACATCATCCCGCATGTAGCACCGAGTCATCGGTGCATTGCTCCAGACCTGATCGGGATGGGAAAATCGGACAAACCAGACCTCGATTATTTCTTCGACGACCACGTCCGCTACCTCGATGCCTTCATCGAAGCCTTGGGTTTGGAAGAGGTCGTCCTGGTCATCCACGACTGGGGCTCAGCTCTCGGATTCCACTGGGCCAAGCGCAATCCGGAACGGGTCAAAGGTATTGCATGTATGGAATTCATCCGGCCTATCCCGACGTGGGACGAATGGCCGGAATTCGCCCGTGAGACCTTCCAGGCCTTCCGGACCGCCGACGTCGGCCGAGAGTTGATCATCGATCAGAACGCTTTCATCGAGGGTGCGCTCCCGAAATGCGTCGTCCGTCCGCTTACGGAGGTCGAGATGGACCACTATCGCGAGCCCTTCCTCAAGCCTGTTGACCGAGAGCCACTGTGGCGATTCCCCAACGAGCTGCCCATCGCCGGTGAGCCCGCGAACATCGTCGCGCTCGTCGAGGCATACATGAACTGGCTGCACCAGTCACCTGTCCCGAAGTTGTTGTTCTGGGGCACACCCGGCGTACTGATCCCCCCGGCCGAAGCCGCGAGACTTGCCGAAAGCCTCCCCAACTGCAAGACAGTGGACATCGGCCCGGGATTGCACTACCTCCAGGAAGACAACCCGGACCTTATCGGCAGTGAGATCGCGCGCTGGCTCCCCGCACTCTAG,[8243:9125](+),MSEIGTGFPFDPHYVEVLGERMHYVDVGPRDGTPVLFLHGNPTSSYLWRNIIPHVAPSHRCIAPDLIGMGKSDKPDLDYFFDDHVRYLDAFIEALGLEEVVLVIHDWGSALGFHWAKRNPERVKGIACMEFIRPIPTWDEWPEFARETFQAFRTADVGRELIIDQNAFIEGALPKCVVRPLTEVEMDHYREPFLKPVDREPLWRFPNELPIAGEPANIVALVEAYMNWLHQSPVPKLLFWGTPGVLIPPAEAARLAESLPNCKTVDIGPGLHYLQEDNPDLIGSEIARWLPAL
metF,CP097161.1,"Methylococcus capsulatus strain MIR chromosome, complete genome",ATGAAGACTCAGTTGAAATATCCGCGGGAATTCAGCTTCGAATTCTTTCCGCCGAAAACCGAAGAGGCGACGGAGAACCTGCGACGCACGCTGATCAAGCTCGCGCCGCTCAAGCCGCGCTTCTGCTCCGTGACCTTCGGCGCAGGCGGCTCGACGCGCGAGAAGACTTTCGAAACGGCGTTGGAGATTCAGCAGACCACCGGCATCGAGTGCGCTCCCCACCTGTCCTGCATCGCCTCCACCCGCCGGAGCATCCGCGAAATCCTCGAAGCCTACCGCTCGCACGGAATCCGCCACATCGTGGCGCTGCGTGGAGACATGCCGTCCGGCATGCTGTCGGCCGGCGAATTCCGCCACGCCAACGAACTGGTGGAATTCATCCGCTCCGAAACAGGGAGCCATTTCCACATCGAGGTAGCGTGCTACCCCGAAGTTCACCCGCAGGCGGCCAGCGCCGAGAGCGACCTGAAGAATTTCAAGCGCAAAGTGGATGCCGGCGCCGACAGCGCCATCACCCAGTATTTCTACAACCCGGAAGCCTATTTCCGGTTCGTCGACGACTGCGAACGACTCGGCATCGACATTCCAATCGTGCCAGGCATCATGCCGATCACCAACCATTCCCAACTGGTGCGGTTTTCGGACCTGTGCGGCGCCGACATTCCGCGCTGGATCCGCAAGCGGCTGGAAGCCTTCGGCGACGATCGCAAAGCGATCCGTGCCTTCGGCCTGGAGGTAGTGACGGAACTGTGCCGGCGGCTGCTGGAACAAGGAGCTCCCGGCCTGCACTTTTACACGCTGAATCGGGCCGAAGCCTGCCTCGAAGTCTGGAAAGCGCTGGGGTTGGAACCGGCCTGA,[2109000:2109858](+),MKTQLKYPREFSFEFFPPKTEEATENLRRTLIKLAPLKPRFCSVTFGAGGSTREKTFETALEIQQTTGIECAPHLSCIASTRRSIREILEAYRSHGIRHIVALRGDMPSGMLSAGEFRHANELVEFIRSETGSHFHIEVACYPEVHPQAASAESDLKNFKRKVDAGADSAITQYFYNPEAYFRFVDDCERLGIDIPIVPGIMPITNHSQLVRFSDLCGADIPRWIRKRLEAFGDDRKAIRAFGLEVVTELCRRLLEQGAPGLHFYTLNRAEACLEVWKALGLEPA
folD,AJ011316.1,"Methylobacterium chloromethanicum cobU, folC, folD, purU and cmuA genes and gene encoding Orf414, strain CM4",ATGATTGCACAAGTGATAGATGGGCGCGCCGAAGCTGCCCGACTGACTGACAATGTGCGCGCGCGCGCGCACCGATTCACCGACGAGTTCGGGCGCTGCCCTGGCCTTGCCGTGGTCCTTATTGGTGACGACCCGGCCAGCAGTGTCTATGTCAAAGCTAAAACTGAGAAGGCGCGCTCGACGGGAATTCTTTCATCATCGCACAGGCTTCCGAGCGATACTACGGAAGATGCCCTACTTCGTTTGATAGACCAGTTGAACCGCGATAGGACTGTGGACGGGATCTTGGTTCAACTCCCTCTTCCCCCACATATTGCTCCGGAAAGAGTTCTTCAGCGGATTCTTCCGTGTAAGGATGTGGACGGCTTCCACCCTGTGAATGCGGGTTTGCTGGCGACCGGTCAGCCGGGCCTGGTTCCGTGCACGCCGCTCGGATGCCTCCGATTGGTCCAGTCTGTCGCCGCGGAACTGGTGGGGCAGAACGTTGTCGTTGTCGGACGCTCGACTATCGTAGGGCGGCCGGCGGCTCAGGTGTTCCTCAATGCGGATTGCTCCGTGACGATCCTACATAAGGAGAGCCGCGACGTTCCCGGTCATTGCCGCAGCGCGGACATCTTAGTAGTTGCAGCAGGAAGTCCCGGCCTCGTGCGCCGAGACTGGGTGAAACCTGGAGCCGTCGTCATCGACGTCGGAATCAATCGGATCCCCGTCAGCTCTGGTTACCGGCTTGTGGGCGACGTCGATTTCGAGGGCGTCCAGTACGTGGCTTCCGCGATCACACCCGTTCCGGGTGGGGTCGGTCCGATGACGGTTGCGGCCCTGATGGAGAACACGGTCGCATGCGCTGAAGCTTTAGCAATACGTGCCCCGGAGGTGATGTCACCCGACAACCGGCTGCATTTCGATCACGCGGATGTCTGA,[2944:3865](-),MIAQVIDGRAEAARLTDNVRARAHRFTDEFGRCPGLAVVLIGDDPASSVYVKAKTEKARSTGILSSSHRLPSDTTEDALLRLIDQLNRDRTVDGILVQLPLPPHIAPERVLQRILPCKDVDGFHPVNAGLLATGQPGLVPCTPLGCLRLVQSVAAELVGQNVVVVGRSTIVGRPAAQVFLNADCSVTILHKESRDVPGHCRSADILVVAAGSPGLVRRDWVKPGAVVIDVGINRIPVSSGYRLVGDVDFEGVQYVASAITPVPGGVGPMTVAALMENTVACAEALAIRAPEVMSPDNRLHFDHADV
cmuA,AJ011316.1,"Methylobacterium chloromethanicum cobU, folC, folD, purU and cmuA genes and gene encoding Orf414, strain CM4",ATGGCTGCACAAAGCGGAAAGATGACGAGCCGTGAGCGGATGTTCGCGGCGGTGACCATGACCGATTTGCCAGATCAGGTTCCGTGCGTGCCGCTGCTGATGGCGCGCGGCATCCGGGAAGGCGGAATTACCGTCGACCAAGCCCTCCGGGACGGGGAAGCCTCGGCGCACGCGAAGGCGAAGGCCTTGGAGAAGTTCGGCGGAGATGTCATCATCGCCGGTACCGACCTTTTCACGCCAGTGGAATGCGTCGATGGGTGTGAGCTCGATTACCTGCCTCACGCGCAACCTTCGTTGGTCAGACACCCTACTCCGAATCGAGAGGCCTTCTACCGCTTCAAGGAGAAGTATGAGCGGGAAGGCTTTAAGCCGTCGGATCGCGTCCTTCAGATCATGAAGGAGGCGCAGACGATGATCAAGCTCGGGTATAAGGATACCCATGTTATTCCTACGCCTGTCGGCGGACCAATAACGACCGCTCAACTCATGACGGGGTCATCAGAGTTCCTTTCTTATCTGAGTGAGGATCCGGAGTACGCGCTGGAGGTGACAGAGCTCGCACTCGATGTAGTCAAAAACGTCTGCCGACTTATGTTCGAGTCTGGAATCGACGTTTGCAATATCCTAGACCCGTTCAACTCATCAGACATTCTCCCTCCTGAGGTCTATCGTAAGCACGGACTTCCGTTTCAAAAGCGCCTTTTCGCCTATATCAAGGAGATTGGCGGGATCGGCTTCACGCATACGTGTACTTTCACCCAACCCATCTGGCGGGATATCGCCGAAAACGGCTGCCTAAACTTCAACGGCGACATGTATCCCGGCATGGAACACGCCAAACGGGCGATTGGTGGGCAAATTTCGCTGATGGGAACTTTGTCACCCTTCTCGACGCTTATGCATGGGTCGACGACAGATGTTGCAAATGAGGTCAAGAAACTTGCCGCGGAAGTGGGTTACAATGGCGGCTTCATCTGCATGCCTGGTTGCGATATCGACTGGACGATTCCTGACGAAAACCTGAAGGCGATGATCGACACCTGCGCGTCTATCAAATACCCGATGGATATTGCCGCTCTTGGTGACCTGTCGAACGTTTATATCGCCGGCAATCCCAAACATCCCGGCAAACGATCGTCGTCCGTCGCGGGCGATGTGAAAGTGGAGGCAGGAAAGAAGCATGAGTTGGACACCTCACCGGAAGGCGAGGTGTACGAGAAGCTGGTCGAAGCCATTATGGACTACGATGCGGATAAGGCGAAGCAGTGGGTTCAGGTCGGCCTTGATCGTGGTATCAGCGCTCAGAAGATTGTCTTCGATGGTCTTTCGCTTGGTATGAAGATCGTGGGCGACATGTATGAGCGCAACGAGCGGTTCGTCACCGACATGCTCAAGGCGGCCAAGACGATGGACGCTGCCATGCCGCTGCTGACTCCGCTTCTTGAGTCCTCCGGTTCTGACGGGGGCCCAACGGGAACGGTGATCGTGGGACTGGTCCGGGGAAACACCCAGGACATTGGTAAGAATCTCGTCTGCCTGATGCTGAAGGCGAACGGCTTCAAGGTGATCGATCTCGGGAAGAACGTGAAGCCCGAGCAGTTCATCGAGACGGCGGAGCGGGAAGGTGCTGTGGCCATCGGCATGTCGGTGATGACGAACTCCTCGACCGTCTATGTCGAGAAAGTCGCTGAGATGCTGAAGAGCCAAGGGAAGGCAGATAAGTACCTGCTGATGATGGGAGGAGCGGCTGCCAATCGCGGAGTCGCCGAGAAGTTCGGCGTCCGTTACGGGCTCGACGCGAATGCTGCCGTGTCGCTCGTCCGCGATCACGTCGAGAGCAGGGCCGCAGCGTAG,[6896:8750](+),MAAQSGKMTSRERMFAAVTMTDLPDQVPCVPLLMARGIREGGITVDQALRDGEASAHAKAKALEKFGGDVIIAGTDLFTPVECVDGCELDYLPHAQPSLVRHPTPNREAFYRFKEKYEREGFKPSDRVLQIMKEAQTMIKLGYKDTHVIPTPVGGPITTAQLMTGSSEFLSYLSEDPEYALEVTELALDVVKNVCRLMFESGIDVCNILDPFNSSDILPPEVYRKHGLPFQKRLFAYIKEIGGIGFTHTCTFTQPIWRDIAENGCLNFNGDMYPGMEHAKRAIGGQISLMGTLSPFSTLMHGSTTDVANEVKKLAAEVGYNGGFICMPGCDIDWTIPDENLKAMIDTCASIKYPMDIAALGDLSNVYIAGNPKHPGKRSSSVAGDVKVEAGKKHELDTSPEGEVYEKLVEAIMDYDADKAKQWVQVGLDRGISAQKIVFDGLSLGMKIVGDMYERNERFVTDMLKAAKTMDAAMPLLTPLLESSGSDGGPTGTVIVGLVRGNTQDIGKNLVCLMLKANGFKVIDLGKNVKPEQFIETAEREGAVAIGMSVMTNSSTVYVEKVAEMLKSQGKADKYLLMMGGAAANRGVAEKFGVRYGLDANAAVSLVRDHVESRAAA
